No;Jenis;Dokumen;Nomor;Pembuat / Terbit Berkas;Masa Pembuatan;Masa Berlaku;Link Dokumen
1.;REALM REGISTRATION;FOUNDATION CHARTER DEED;DEED-ELD-0022;ROYAL SCRIBE OF ELDORIA;Wednesday, 10 April 1991;—;https://drive.google.com/file/d/1x762J0_ho-Luj5-ajlSGiwzukngKLvEO/view?usp=sharing
2.;REALM REGISTRATION;AMENDED CORPORATE CHARTER DEED;DEED-ELD-0039;ROYAL SCRIBE OF ELDORIA;Sunday, 13 March 1994;—;https://drive.google.com/file/d/1x762J0_ho-Luj5-ajlSGiwzukngKLvEO/view?usp=sharing
3.;REALM REGISTRATION;MINISTRY OF JUSTICE DECREE FOR KINGDOM INCORPORATION;MIN-JUST-C2-95;MINISTRY OF JUSTICE OF ELDORIA;Sunday, 9 April 1995;—;https://drive.google.com/file/d/1x762J0_ho-Luj5-ajlSGiwzukngKLvEO/view?usp=sharing
4.;REALM REGISTRATION;LATEST AMENDMENT NOTARY DEED;DEED-ELD-2021;ROYAL SCRIBE OF ELDORIA;Saturday, 23 January 2021;—;https://drive.google.com/file/d/1x762J0_ho-Luj5-ajlSGiwzukngKLvEO/view?usp=sharing
5.;REALM REGISTRATION;MINISTRY OF JUSTICE DECREE FOR LATEST AMENDMENT;MIN-JUST-AHU-2021;MINISTRY OF LAW & GUILD AFFAIRS;Sunday, 24 January 2021;—;https://drive.google.com/file/d/1x762J0_ho-Luj5-ajlSGiwzukngKLvEO/view?usp=sharing
1.;GUILD LICENSE;INFRASTRUCTURE GUILD CERTIFICATE (NON-OSS LICENSE);GUILD-LIC-2025;MINISTRY of ROYAL WORKS;Saturday, 8 November 2025;Tuesday, 7 November 2028;https://drive.google.com/file/d/1x762J0_ho-Luj5-ajlSGiwzukngKLvEO/view?usp=sharing
2.;GUILD LICENSE;STANDARD COMPLIANCE CERTIFICATE (OSS PORTAL);STAND-CERT-2025;ELDORIA CAPITAL GOVERNOR;Friday, 24 October 2025;—;https://drive.google.com/file/d/1x762J0_ho-Luj5-ajlSGiwzukngKLvEO/view?usp=sharing
3.;GUILD LICENSE;GUILD IDENTIFICATION NUMBER (OSS PORTAL);GUILD-ID-1267000;MINISTRY OF TREASURY & INVESTMENT;Friday, 29 January 2021;—;https://drive.google.com/file/d/1x762J0_ho-Luj5-ajlSGiwzukngKLvEO/view?usp=sharing
1.;TAXATION;ELECTRONIC TAXPAYER CERTIFICATE;TAX-ID-01554;ELDORIA INLAND REVENUE;Friday, 5 April 2002;—;https://drive.google.com/file/d/1x762J0_ho-Luj5-ajlSGiwzukngKLvEO/view?usp=sharing
2.;TAXATION;TAX REGISTRATION CERTIFICATE (CORETAX SYSTEM);TAX-REG-CT-2025;ELDORIA INLAND REVENUE;Friday, 12 December 2025;—;https://drive.google.com/file/d/1x762J0_ho-Luj5-ajlSGiwzukngKLvEO/view?usp=sharing
3.;TAXATION;CORETAX IDENTIFICATION REGISTER;TAX-CORE-0015;ELDORIA INLAND REVENUE;Friday, 5 April 2002;—;https://drive.google.com/file/d/1x762J0_ho-Luj5-ajlSGiwzukngKLvEO/view?usp=sharing
4.;TAXATION;TAXPAYER COMPLIANCE STATUS STATEMENT;TAX-STAT-CT-2025;ELDORIA INLAND REVENUE;Wednesday, 12 November 2025;—;https://drive.google.com/file/d/1x762J0_ho-Luj5-ajlSGiwzukngKLvEO/view?usp=sharing
5.;TAXATION;REGISTERED VAT ENTERPRISE NOTIFICATION;TAX-VAT-00419;ELDORIA INLAND REVENUE;Sunday, 19 February 2012;—;https://drive.google.com/file/d/1x762J0_ho-Luj5-ajlSGiwzukngKLvEO/view?usp=sharing
6.;TAXATION;VAT ENTERPRISE CONFIRMATION DECREE;TAX-VAT-02535;ELDORIA INLAND REVENUE;Sunday, 22 July 2012;—;https://drive.google.com/file/d/1x762J0_ho-Luj5-ajlSGiwzukngKLvEO/view?usp=sharing
1.;GUILD MEMBERSHIP;REALM MEMBERSHIP CARD;MEMBER-INK-3062;ELDORIA ENGINEERING GUILD ASSOCIATION;Friday, 26 September 2025;Friday, 2 January 2026;https://drive.google.com/file/d/1x762J0_ho-Luj5-ajlSGiwzukngKLvEO/view?usp=sharing
2.;QUALITY STANDARDS;GLOBAL QUALITY STANDARD (QUALITY MANAGEMENT);STAND-ISO-33084;QUALITY STANDARDS;Sunday, 28 September 2025;Wednesday, 27 September 2028;https://drive.google.com/file/d/1x762J0_ho-Luj5-ajlSGiwzukngKLvEO/view?usp=sharing
3.;QUALITY STANDARDS;GLOBAL QUALITY STANDARD (ENVIRONMENTAL);STAND-ISO-33085;QUALITY STANDARDS;Sunday, 28 September 2025;Wednesday, 27 September 2028;https://drive.google.com/file/d/1x762J0_ho-Luj5-ajlSGiwzukngKLvEO/view?usp=sharing
4.;QUALITY STANDARDS;GLOBAL QUALITY STANDARD (ANTI-BRIBERY);STAND-ISO-33087;QUALITY STANDARDS;Sunday, 28 September 2025;Wednesday, 27 September 2028;https://drive.google.com/file/d/1x762J0_ho-Luj5-ajlSGiwzukngKLvEO/view?usp=sharing
5.;QUALITY STANDARDS;GLOBAL QUALITY STANDARD (HEALTH & SAFETY);STAND-ISO-33086;QUALITY STANDARDS;Sunday, 28 September 2025;Wednesday, 27 September 2028;https://drive.google.com/file/d/1x762J0_ho-Luj5-ajlSGiwzukngKLvEO/view?usp=sharing
1.;BOARD OF DIRECTORS;ID & TAX RECORD - BOARD OF DIRECTORS;—;—;—;—;https://drive.google.com/file/d/1x762J0_ho-Luj5-ajlSGiwzukngKLvEO/view?usp=sharing
2.;BOARD OF COMMISSIONERS;ID & TAX RECORD - BOARD OF COMMISSIONERS;—;—;—;—;https://drive.google.com/file/d/1x762J0_ho-Luj5-ajlSGiwzukngKLvEO/view?usp=sharing
1.;REALM DOMICILE;REALM CORPORATE DOMICILE STATEMENT;DOM-ELD-562;PROVINCE MUNICIPAL OFFICE;Wednesday, 19 October 2016;Tuesday, 19 October 2021;https://drive.google.com/file/d/1x762J0_ho-Luj5-ajlSGiwzukngKLvEO/view?usp=sharing
2.;CONSTRUCTION LICENSE;NATIONAL CONSTRUCTION SERVICES LICENSE I;LIC-CONST-001;REALM INVESTMENT REGULATORY AGENCY;Thursday, 11 March 2021;—;https://drive.google.com/file/d/1x762J0_ho-Luj5-ajlSGiwzukngKLvEO/view?usp=sharing
3.;CONSTRUCTION LICENSE;NATIONAL CONSTRUCTION SERVICES LICENSE II;LIC-CONST-002;REALM INVESTMENT REGULATORY AGENCY;Thursday, 11 March 2021;—;https://drive.google.com/file/d/1x762J0_ho-Luj5-ajlSGiwzukngKLvEO/view?usp=sharing
4.;TRADING LICENSE;WHOLESALE COMMERCIAL TRADING LICENSE;LIC-TRADE-929;REALM INVESTMENT REGULATORY AGENCY;Wednesday, 1 May 2019;—;https://drive.google.com/file/d/1x762J0_ho-Luj5-ajlSGiwzukngKLvEO/view?usp=sharing